id,name,x,y
VP01,Vertiport 01,282086.6791630887,-470927.31895150105
VP02,Vertiport 02,156867.80930025305,-424575.10532179195
VP03,Vertiport 03,239164.36206755522,-474067.19596208027
VP04,Vertiport 04,115286.23341467915,-415969.8192713326
VP05,Vertiport 05,267147.03224965854,-500499.6440343107
VP06,Vertiport 06,345023.37350177165,-470242.05700257095
VP07,Vertiport 07,214624.56523925607,-428803.77498400025
VP08,Vertiport 08,193025.76511600026,-464824.05341277504
VP09,Vertiport 09,172937.29294743025,-456860.64624100365
VP10,Vertiport 10,282456.85131945845,-470270.778965645
